loss,dice,iou,fps_cpu,fps_gpu
0.9204636573791504,0.726380467414856,0.6146663010120392,1.2354761226277104,47.37028150744235
