loss,dice,iou,fps_cpu,fps_gpu
0.7494176745414733,0.7706548810005188,0.6486947655677795,0.630366036125528,49.14703751814083
