loss,dice,iou,fps_cpu,fps_gpu
0.5886050164699554,0.8149985671043396,0.7030917406082153,1.466284861527985,22.70134656819144
